modelo,cv_rmse,test_rmse,test_mae,test_r2
Linear regression,1.8126678603672723,1.7995774518586494,1.480334514729062,0.0005068734860564916
Gradient boosting,1.8188369040526715,1.8066602332717643,1.4891721891332832,-0.007376224272394705
Random forest,1.823960409412726,1.8127810099213986,1.4988911299502516,-0.01421355816918557
Xgboost,1.952132175154566,1.9346208237672926,1.5956692955688394,-0.15512888026892657
